DateTimestamp,Ticker,Asset,NetTradeAmount,Action
2023-01-12 11:55:42,VTINX,Stocks,16204,Buy
2023-01-30 08:34:53,VTPSX,Bonds,500,Sell
2023-01-03 09:30:00,VTINX,Stocks,10931,Sell
2023-01-27 16:19:04,VTPSX,Bonds,6668,Buy
2023-02-14 08:21:06,VBMPX,Stocks,6670,Sell
2023-01-22 06:44:12,VTPSX,Stocks,11158,Sell
2023-01-15 07:11:33,VBMPX,Bonds,3055,Sell
2023-01-11 10:29:19,VBMPX,Bonds,5299,Sell
2023-02-16 23:43:26,VTINX,Bonds,2033,Buy
2023-02-03 04:39:16,VTINX,Bonds,6512,Buy
2023-01-24 06:28:10,VTINX,Bonds,9576,Buy
2023-01-14 03:09:15,VTINX,Stocks,500,Sell
2023-01-13 02:19:08,VTPSX,Stocks,14747,Sell
2023-01-19 00:25:05,VTINX,Stocks,11324,Buy
2023-02-11 01:24:31,VBMPX,Bonds,500,Sell
2023-02-06 23:09:19,VIIIX,Bonds,17826,Buy
2023-01-06 01:46:08,VIIIX,Stocks,22224,Buy
2023-01-14 11:43:49,VTPSX,Bonds,7493,Buy
2023-01-19 06:33:56,VTPSX,Stocks,10105,Sell
2023-01-21 16:22:22,VBMPX,Bonds,500,Sell
2023-02-06 05:17:33,VBMPX,Stocks,2090,Sell
2023-01-29 08:11:03,VTPSX,Bonds,500,Sell
2023-01-03 10:21:44,VBMPX,Bonds,500,Sell
2023-02-07 00:46:38,VBMPX,Stocks,1212,Sell
2023-02-09 15:41:06,VIIIX,Bonds,7404,Buy
2023-01-20 14:06:34,VBMPX,Bonds,500,Sell
2023-02-11 06:26:09,VIIIX,Stocks,17711,Buy
2023-01-28 01:15:40,VBMPX,Bonds,3978,Sell
2023-02-09 16:01:23,VIIIX,Bonds,20289,Buy
2023-02-18 10:40:00,VTPSX,Bonds,7164,Buy
2023-01-19 17:27:12,VIIIX,Bonds,5796,Buy
2023-01-15 16:26:45,VTPSX,Stocks,500,Sell
2023-02-13 16:01:55,VIIIX,Stocks,23117,Buy
2023-02-15 20:02:27,VBMPX,Bonds,500,Sell
2023-02-14 08:54:46,VTINX,Bonds,5265,Buy
2023-01-22 01:03:13,VIIIX,Stocks,13755,Buy
2023-01-12 08:00:07,VIIIX,Stocks,25802,Buy
2023-01-30 21:26:22,VTINX,Bonds,16152,Buy
2023-02-18 10:40:00,VTINX,Bonds,18774,Buy
2023-01-12 03:25:59,VTINX,Stocks,3224,Buy
2023-01-20 15:58:39,VIIIX,Stocks,30000,Buy
2023-01-17 22:36:58,VTPSX,Bonds,500,Buy
2023-02-06 13:25:42,VBMPX,Bonds,500,Sell
2023-02-03 13:27:06,VBMPX,Bonds,500,Sell
2023-01-24 00:18:28,VTPSX,Bonds,1640,Buy
2023-01-03 09:30:00,VTPSX,Stocks,4478,Sell
2023-01-25 09:16:50,VIIIX,Stocks,10136,Buy
2023-02-01 05:34:45,VIIIX,Stocks,27549,Buy
2023-01-30 15:53:57,VTPSX,Stocks,10022,Sell
2023-01-05 18:40:10,VTPSX,Bonds,500,Sell
2023-01-18 16:43:11,VTINX,Bonds,8555,Buy
2023-01-23 20:04:26,VTPSX,Bonds,500,Sell
2023-02-08 05:29:36,VTINX,Bonds,6651,Buy
2023-02-08 21:30:13,VTPSX,Bonds,18060,Sell
2023-02-03 06:41:54,VBMPX,Bonds,500,Buy
2023-02-01 16:03:51,VTPSX,Bonds,1878,Sell
2023-02-10 02:44:51,VTPSX,Bonds,500,Buy
2023-01-04 16:42:02,VTINX,Bonds,13865,Buy
2023-01-14 04:01:18,VIIIX,Stocks,21642,Buy
2023-01-18 15:10:09,VTINX,Stocks,6581,Buy
2023-02-11 09:15:57,VTINX,Stocks,18778,Buy
2023-01-23 05:05:11,VBMPX,Bonds,500,Sell
2023-01-31 11:09:54,VTINX,Bonds,13268,Buy
2023-01-09 03:20:18,VIIIX,Stocks,7706,Buy
2023-01-16 14:11:00,VTPSX,Bonds,4111,Sell
2023-02-16 01:29:09,VIIIX,Bonds,7348,Buy
2023-01-26 10:58:53,VTINX,Stocks,6788,Buy
2023-01-28 00:19:59,VIIIX,Stocks,20256,Sell
2023-02-02 04:32:15,VTINX,Stocks,8588,Buy
2023-01-22 21:37:23,VTINX,Bonds,500,Buy
2023-02-18 10:40:00,VTPSX,Bonds,6191,Buy
2023-01-04 11:12:49,VTINX,Stocks,1360,Sell
2023-01-05 03:02:09,VBMPX,Bonds,500,Sell
2023-01-28 23:51:11,VIIIX,Stocks,13810,Buy
2023-02-02 07:34:38,VTINX,Stocks,16550,Buy
2023-01-03 09:30:00,VTINX,Stocks,10255,Buy
2023-01-27 11:21:09,VBMPX,Bonds,500,Sell
2023-01-23 21:47:56,VTINX,Bonds,10232,Buy
2023-01-19 15:41:54,VTPSX,Bonds,13876,Sell
2023-02-13 09:57:51,VIIIX,Bonds,14904,Buy
2023-01-03 09:30:00,VTPSX,Stocks,9689,Sell
2023-02-02 12:35:18,VTPSX,Bonds,1463,Sell
2023-02-14 22:49:57,VBMPX,Bonds,500,Sell
2023-01-17 00:16:25,VTINX,Stocks,10897,Buy
2023-02-18 10:40:00,VTPSX,Bonds,2315,Buy
2023-02-13 23:24:24,VBMPX,Bonds,4227,Buy
2023-01-06 02:51:59,VBMPX,Bonds,500,Buy
2023-02-10 03:41:13,VIIIX,Bonds,21674,Buy
2023-02-11 17:58:26,VBMPX,Bonds,500,Sell
2023-01-09 05:02:19,VIIIX,Stocks,30000,Buy
2023-02-04 17:01:54,VTINX,Bonds,11321,Sell
2023-01-20 11:31:36,VBMPX,Bonds,500,Sell
2023-02-18 10:40:00,VBMPX,Bonds,500,Sell
2023-02-01 05:22:23,VIIIX,Stocks,15360,Buy
2023-01-08 23:42:29,VTINX,Bonds,3785,Buy
2023-01-27 08:02:57,VTPSX,Bonds,6322,Sell
2023-02-16 07:37:12,VBMPX,Bonds,3070,Sell
2023-01-27 12:16:39,VTINX,Bonds,500,Buy
2023-01-20 20:30:07,VIIIX,Bonds,17682,Buy
2023-02-01 12:01:53,VIIIX,Bonds,23680,Buy
2023-01-26 05:09:31,VIIIX,Bonds,14548,Buy
2023-02-12 14:35:21,VTPSX,Bonds,500,Buy
2023-01-03 09:30:00,VBMPX,Bonds,500,Sell
2023-01-21 23:11:03,VTINX,Bonds,15698,Buy
2023-01-30 13:25:57,VTPSX,Stocks,5459,Sell
2023-01-24 13:55:30,VTINX,Stocks,12669,Buy
2023-01-12 10:27:08,VBMPX,Bonds,500,Buy
2023-01-20 22:32:57,VIIIX,Bonds,10359,Buy
2023-02-11 19:20:45,VTINX,Stocks,21809,Buy
2023-01-29 14:16:37,VTINX,Bonds,11778,Sell
2023-01-21 07:47:10,VTINX,Stocks,8485,Buy
2023-01-23 21:03:11,VTPSX,Bonds,578,Buy
2023-01-14 05:27:01,VIIIX,Stocks,19487,Buy
2023-01-28 02:04:58,VTINX,Stocks,10688,Buy
2023-01-03 09:30:00,VTINX,Stocks,4619,Buy
2023-01-23 21:47:20,VIIIX,Stocks,16202,Buy
2023-01-20 15:58:03,VTINX,Bonds,13067,Buy
2023-01-03 09:30:00,VTPSX,Bonds,500,Buy
2023-01-25 17:39:47,VTPSX,Bonds,500,Buy
2023-02-04 10:17:26,VIIIX,Stocks,25411,Buy
2023-01-14 05:01:13,VBMPX,Bonds,500,Sell
2023-01-10 17:40:15,VTINX,Stocks,15046,Sell
2023-02-01 04:57:13,VIIIX,Stocks,3593,Buy
2023-01-03 15:42:16,VTINX,Stocks,14195,Sell
2023-02-18 10:40:00,VTINX,Bonds,500,Buy
2023-01-12 04:02:34,VIIIX,Stocks,30000,Sell
2023-01-21 21:47:53,VIIIX,Bonds,4319,Buy
2023-01-06 08:36:14,VTPSX,Stocks,2865,Sell
2023-01-31 02:24:33,VTINX,Stocks,12855,Sell
2023-02-09 10:40:58,VIIIX,Stocks,14659,Buy
2023-01-25 18:54:15,VBMPX,Bonds,5756,Sell
2023-01-04 04:17:35,VTINX,Stocks,13033,Sell
2023-02-03 03:58:20,VBMPX,Bonds,500,Sell
2023-02-10 12:04:25,VBMPX,Bonds,500,Sell
2023-01-29 05:47:07,VTINX,Bonds,5121,Buy
2023-01-25 22:05:22,VTINX,Bonds,500,Buy
2023-01-12 16:14:00,VTPSX,Stocks,500,Sell
2023-01-29 23:52:02,VTPSX,Bonds,4023,Buy
2023-01-24 06:04:57,VIIIX,Bonds,3964,Buy
2023-02-11 18:07:37,VBMPX,Bonds,500,Sell
2023-02-08 12:05:35,VTINX,Bonds,9279,Buy
2023-01-07 13:21:45,VIIIX,Bonds,16948,Buy
2023-02-10 18:59:44,VBMPX,Bonds,4745,Buy
2023-01-16 07:43:33,VIIIX,Stocks,25646,Buy
2023-01-17 19:08:04,VTINX,Bonds,7874,Sell
2023-02-14 08:26:24,VTPSX,Stocks,9860,Sell
2023-02-08 21:18:54,VIIIX,Bonds,20702,Buy
2023-01-19 16:26:14,VIIIX,Stocks,26761,Buy
2023-01-29 18:47:11,VBMPX,Bonds,500,Sell
2023-02-12 10:15:29,VTPSX,Bonds,5542,Sell
2023-02-05 17:32:52,VBMPX,Bonds,500,Buy
2023-01-31 00:48:29,VTINX,Bonds,6272,Buy
2023-02-18 10:40:00,VBMPX,Bonds,500,Sell
2023-01-13 08:23:45,VTINX,Bonds,3434,Buy
2023-01-08 15:20:29,VTPSX,Stocks,9612,Sell
2023-01-25 22:11:59,VBMPX,Bonds,500,Sell
2023-01-03 09:30:00,VTPSX,Bonds,11683,Sell
2023-02-06 03:03:06,VTPSX,Stocks,15285,Sell
2023-01-18 00:24:00,VTINX,Bonds,7317,Buy
2023-01-16 05:00:49,VIIIX,Stocks,7642,Buy
2023-01-19 18:43:16,VTPSX,Stocks,500,Sell
2023-01-24 03:22:40,VIIIX,Stocks,25543,Buy
2023-01-21 07:35:17,VIIIX,Stocks,24429,Buy
2023-01-31 04:34:56,VIIIX,Bonds,19437,Buy
2023-01-06 20:30:38,VTPSX,Stocks,6190,Buy
2023-01-11 02:23:27,VTPSX,Bonds,500,Buy
2023-01-27 07:04:20,VTPSX,Stocks,6941,Buy
2023-01-08 12:55:23,VTINX,Bonds,7440,Buy
2023-02-09 22:05:06,VTINX,Stocks,4332,Buy
2023-01-15 18:09:42,VTINX,Bonds,500,Buy
2023-01-24 17:57:29,VBMPX,Bonds,500,Sell
2023-01-20 16:08:58,VIIIX,Stocks,25888,Buy
2023-01-03 09:30:00,VTINX,Stocks,11103,Buy
2023-01-20 12:28:26,VIIIX,Stocks,22249,Buy
2023-02-12 05:13:26,VTPSX,Bonds,6620,Buy
2023-01-03 09:30:00,VTINX,Stocks,17776,Buy
2023-01-14 01:47:43,VIIIX,Bonds,7364,Buy
2023-01-27 08:28:04,VTINX,Bonds,9137,Buy
2023-02-14 07:47:51,VTPSX,Stocks,500,Sell
2023-01-03 09:30:00,VIIIX,Stocks,30000,Buy
2023-01-27 05:20:16,VIIIX,Bonds,24730,Buy
2023-01-26 02:27:28,VTPSX,Stocks,10879,Sell
2023-01-20 12:14:04,VBMPX,Stocks,3261,Sell
2023-01-18 08:42:30,VTPSX,Stocks,10246,Buy
2023-01-06 17:08:15,VIIIX,Stocks,27366,Buy
2023-01-19 01:05:46,VTPSX,Stocks,500,Sell
2023-01-12 08:24:00,VTINX,Stocks,18675,Sell
2023-01-19 12:27:22,VTINX,Stocks,500,Buy
2023-02-03 15:01:48,VTINX,Stocks,19113,Buy
2023-02-01 07:43:10,VTPSX,Stocks,500,Sell
2023-02-07 19:29:05,VTPSX,Stocks,500,Sell
2023-02-14 20:57:15,VTPSX,Stocks,2459,Sell
2023-01-19 21:44:09,VTPSX,Stocks,9570,Sell
2023-02-12 01:50:03,VBMPX,Stocks,1469,Sell
2023-01-15 23:23:36,VTPSX,Bonds,6629,Sell
2023-01-28 04:11:41,VTINX,Stocks,21802,Buy
2023-01-18 21:11:54,VTPSX,Stocks,1412,Sell
2023-02-07 11:07:42,VBMPX,Bonds,3532,Sell
2023-01-25 02:24:28,VTINX,Stocks,7849,Sell
2023-02-08 16:23:06,VTPSX,Bonds,16513,Sell
2023-01-29 11:30:17,VTPSX,Bonds,2090,Sell
2023-01-07 11:41:34,VTPSX,Stocks,17940,Sell
2023-02-13 18:36:24,VIIIX,Stocks,22251,Buy
2023-02-08 22:15:42,VTPSX,Bonds,500,Buy
2023-01-21 08:18:30,VIIIX,Stocks,22035,Buy
2023-01-16 22:48:15,VIIIX,Stocks,17654,Buy
2023-01-25 09:13:08,VTPSX,Stocks,500,Sell
2023-01-22 20:49:13,VTINX,Stocks,13242,Buy
2023-01-16 00:40:47,VTINX,Bonds,14583,Buy
2023-01-22 13:21:45,VIIIX,Stocks,28300,Buy
2023-01-24 00:26:36,VBMPX,Bonds,500,Sell
2023-01-17 23:28:35,VTINX,Bonds,3992,Buy
2023-01-03 09:30:00,VIIIX,Stocks,27125,Buy
2023-01-27 07:01:25,VTINX,Stocks,15804,Buy
2023-02-16 09:57:00,VTPSX,Bonds,3422,Buy
2023-02-14 04:35:24,VTPSX,Stocks,500,Sell
2023-02-10 01:07:25,VTINX,Bonds,18980,Buy
2023-02-06 04:04:34,VBMPX,Bonds,12441,Sell
2023-02-05 04:27:37,VBMPX,Bonds,500,Sell
2023-01-05 14:52:01,VBMPX,Bonds,2614,Sell
2023-01-03 09:30:00,VBMPX,Bonds,500,Sell
2023-01-29 20:59:34,VBMPX,Bonds,3287,Sell
2023-01-09 18:36:30,VBMPX,Bonds,7019,Sell
2023-01-20 17:51:37,VIIIX,Stocks,18788,Buy
2023-01-21 13:11:43,VTINX,Bonds,17231,Buy
2023-02-12 12:50:03,VBMPX,Bonds,7112,Sell
2023-01-29 17:33:13,VBMPX,Bonds,500,Sell
2023-01-22 01:07:29,VBMPX,Bonds,500,Sell
2023-02-10 14:55:01,VTPSX,Bonds,7101,Buy
2023-01-23 06:01:55,VTINX,Stocks,500,Buy
2023-02-07 21:16:56,VBMPX,Bonds,3418,Sell
2023-01-19 10:12:36,VIIIX,Stocks,27378,Buy
2023-01-25 12:48:50,VBMPX,Stocks,500,Sell
2023-02-03 15:09:48,VTINX,Bonds,7617,Buy
2023-01-26 09:05:18,VIIIX,Stocks,15343,Buy
2023-01-27 05:34:12,VTINX,Stocks,8909,Buy
2023-01-20 17:00:36,VBMPX,Bonds,500,Sell
2023-02-07 01:54:44,VTINX,Stocks,12893,Sell
2023-01-26 23:07:26,VTINX,Bonds,8820,Buy
2023-01-13 20:27:10,VTINX,Stocks,15594,Buy
2023-01-21 03:18:06,VTPSX,Bonds,13394,Sell
2023-02-14 22:58:20,VTPSX,Bonds,20088,Sell
2023-02-03 21:05:29,VBMPX,Bonds,795,Sell
2023-01-27 21:20:39,VTINX,Stocks,4954,Buy
2023-01-27 19:18:44,VTINX,Stocks,20926,Sell
2023-02-01 08:18:46,VTINX,Bonds,940,Buy
2023-01-06 22:42:57,VBMPX,Bonds,3127,Sell
2023-02-01 07:30:22,VTINX,Stocks,13200,Buy
2023-01-14 11:19:41,VTINX,Bonds,3293,Buy
2023-02-13 16:22:18,VIIIX,Stocks,30000,Buy
2023-02-13 02:41:17,VTINX,Stocks,4763,Buy
2023-01-20 05:24:31,VTINX,Bonds,4298,Buy
2023-01-24 21:23:17,VTINX,Bonds,9141,Buy
2023-01-20 02:07:08,VTINX,Stocks,16179,Buy
2023-02-09 03:12:48,VTPSX,Bonds,10239,Sell
2023-01-28 11:08:36,VTPSX,Stocks,12311,Sell
2023-02-08 15:11:43,VBMPX,Bonds,1449,Buy
2023-01-30 08:49:58,VTINX,Bonds,11098,Buy
2023-01-30 09:58:56,VIIIX,Stocks,15503,Buy
2023-02-02 18:20:40,VTPSX,Stocks,6226,Sell
2023-01-23 07:18:21,VTINX,Bonds,14534,Sell
2023-01-30 02:51:07,VTINX,Stocks,16589,Buy
2023-02-09 09:58:03,VTINX,Bonds,10211,Buy
2023-01-19 20:39:06,VTPSX,Bonds,7952,Buy
2023-01-20 14:20:50,VIIIX,Stocks,14641,Buy
2023-01-31 08:15:15,VTINX,Stocks,500,Sell
2023-01-15 15:16:16,VTINX,Stocks,9895,Buy
2023-01-03 09:30:00,VTPSX,Stocks,3730,Sell
2023-01-03 09:30:00,VTINX,Bonds,500,Buy
2023-02-02 22:08:25,VTINX,Stocks,12485,Buy
2023-01-27 18:41:57,VTINX,Bonds,12412,Buy
2023-01-19 06:33:02,VTINX,Stocks,11688,Sell
2023-01-17 01:31:47,VTPSX,Stocks,500,Sell
2023-01-19 02:49:23,VIIIX,Stocks,15787,Buy
2023-01-03 09:30:00,VBMPX,Bonds,4865,Sell
2023-02-09 17:01:09,VBMPX,Bonds,1061,Sell
2023-02-01 12:43:07,VBMPX,Bonds,500,Sell
2023-02-03 00:03:47,VIIIX,Bonds,27021,Buy
2023-01-28 15:38:02,VBMPX,Stocks,500,Sell
2023-02-12 10:34:06,VTINX,Stocks,500,Buy
2023-01-09 16:25:24,VTPSX,Bonds,6499,Sell
2023-02-04 15:50:37,VTINX,Stocks,18689,Sell
2023-01-03 09:30:00,VTINX,Bonds,10160,Buy
2023-01-24 03:46:35,VIIIX,Bonds,15620,Buy
2023-01-11 12:31:57,VTPSX,Stocks,3922,Sell
2023-02-08 05:58:09,VTPSX,Stocks,13186,Sell
2023-02-05 00:10:24,VBMPX,Bonds,500,Sell
2023-01-11 23:44:25,VTPSX,Bonds,3556,Buy
2023-02-03 02:36:55,VIIIX,Stocks,16259,Buy
2023-02-12 16:14:39,VTPSX,Bonds,500,Buy
2023-02-03 21:37:05,VTINX,Bonds,13772,Buy
2023-01-22 10:08:38,VTPSX,Bonds,500,Buy
2023-01-21 14:57:38,VTPSX,Stocks,18322,Sell
2023-01-23 15:54:03,VBMPX,Bonds,500,Sell
2023-01-04 06:11:45,VTINX,Stocks,4433,Sell
2023-01-15 00:49:34,VTINX,Stocks,13397,Buy
2023-02-12 16:11:56,VTPSX,Stocks,25218,Buy
2023-02-18 10:40:00,VTINX,Stocks,21333,Buy
2023-01-22 00:52:21,VTPSX,Bonds,500,Buy
2023-02-18 10:40:00,VBMPX,Bonds,1667,Sell
2023-02-05 11:23:47,VTPSX,Stocks,500,Sell
2023-01-03 20:18:49,VTINX,Stocks,13580,Sell
2023-02-18 10:40:00,VBMPX,Bonds,2802,Sell
2023-01-06 13:31:24,VTINX,Stocks,500,Sell
2023-02-02 13:30:13,VTINX,Bonds,13867,Buy
2023-01-21 03:49:56,VBMPX,Bonds,500,Sell
2023-01-24 14:36:41,VIIIX,Stocks,13136,Buy
2023-02-03 13:43:41,VBMPX,Bonds,500,Sell
2023-01-26 00:55:10,VTPSX,Stocks,13910,Sell
2023-01-10 00:41:04,VBMPX,Stocks,500,Sell
2023-01-26 22:58:12,VIIIX,Stocks,28202,Buy
2023-01-31 08:15:05,VTPSX,Bonds,13680,Buy
2023-01-24 07:58:49,VBMPX,Bonds,500,Sell
2023-02-02 08:39:49,VBMPX,Bonds,4174,Sell
2023-01-13 09:17:49,VBMPX,Bonds,500,Sell
2023-01-07 23:38:29,VTINX,Bonds,1816,Buy
2023-02-17 02:49:13,VBMPX,Bonds,3008,Sell
2023-02-02 23:18:20,VBMPX,Stocks,500,Sell
2023-02-18 10:40:00,VBMPX,Bonds,500,Buy
2023-01-14 15:24:43,VTPSX,Bonds,7148,Sell
2023-01-29 00:24:19,VBMPX,Bonds,500,Sell
2023-02-10 04:57:22,VTINX,Stocks,9391,Sell
2023-01-05 17:41:32,VTINX,Bonds,14373,Sell
2023-01-22 07:14:49,VIIIX,Stocks,18363,Buy
2023-02-02 15:00:03,VTINX,Stocks,15425,Sell
2023-02-02 15:03:39,VBMPX,Bonds,17620,Sell
2023-01-12 03:46:04,VTINX,Stocks,15159,Buy
2023-01-05 16:51:48,VBMPX,Stocks,6000,Sell
2023-01-24 07:09:46,VTINX,Bonds,1049,Buy
2023-01-26 10:01:46,VTPSX,Stocks,13897,Buy
2023-01-18 21:06:49,VTINX,Bonds,500,Buy
2023-01-04 19:53:40,VTINX,Stocks,4114,Buy
2023-01-03 09:30:00,VBMPX,Stocks,1585,Sell
2023-01-21 13:51:48,VTINX,Stocks,18021,Buy
2023-01-23 20:10:27,VIIIX,Stocks,26260,Buy
2023-02-01 02:43:10,VIIIX,Stocks,18318,Buy
2023-01-21 22:55:25,VTPSX,Bonds,13636,Sell
2023-02-01 23:24:30,VIIIX,Stocks,26964,Buy
2023-01-03 09:30:00,VTINX,Bonds,12614,Buy
2023-02-07 06:11:18,VTPSX,Bonds,3180,Buy
2023-01-22 11:14:19,VTPSX,Bonds,500,Buy
2023-01-12 13:50:35,VTPSX,Bonds,1305,Buy
2023-02-02 23:20:14,VBMPX,Stocks,500,Sell
2023-01-27 19:51:37,VTPSX,Bonds,5190,Buy
2023-02-14 11:09:07,VTINX,Bonds,2354,Buy
2023-01-16 12:13:56,VTINX,Bonds,674,Buy
2023-02-04 18:29:28,VTINX,Stocks,13005,Sell
2023-01-17 00:05:46,VBMPX,Bonds,1212,Sell
2023-01-31 17:18:41,VBMPX,Bonds,3709,Sell
2023-01-05 12:40:29,VTPSX,Bonds,500,Sell
2023-01-18 20:50:09,VTINX,Bonds,500,Buy
2023-01-26 12:18:53,VIIIX,Stocks,23442,Buy
2023-01-30 14:10:35,VTPSX,Stocks,2362,Sell
2023-01-28 03:22:05,VTINX,Bonds,4034,Buy
2023-01-10 00:29:55,VIIIX,Stocks,21342,Buy
2023-01-21 15:00:58,VBMPX,Stocks,3908,Sell
2023-01-26 09:01:52,VBMPX,Bonds,500,Sell
2023-01-29 00:00:46,VTPSX,Stocks,6381,Sell
2023-01-29 02:51:21,VTINX,Bonds,10912,Sell
2023-02-09 17:36:19,VTPSX,Bonds,21254,Buy
2023-01-20 08:59:21,VTINX,Bonds,8788,Buy
2023-02-18 10:40:00,VIIIX,Bonds,21224,Buy
2023-01-23 21:28:25,VTINX,Bonds,6643,Buy
2023-02-06 02:08:29,VTPSX,Stocks,12551,Buy
2023-01-24 16:38:57,VTINX,Bonds,15958,Buy
2023-01-22 15:34:48,VTPSX,Bonds,1145,Sell
2023-02-18 10:40:00,VTPSX,Bonds,7952,Sell
2023-01-10 15:29:17,VTPSX,Bonds,8279,Sell
2023-02-18 10:40:00,VTPSX,Bonds,619,Buy
2023-01-28 15:27:21,VTINX,Stocks,9691,Buy
2023-01-07 15:11:58,VTINX,Bonds,4818,Buy
2023-01-21 05:13:46,VTINX,Stocks,22299,Buy
2023-01-28 10:57:57,VTINX,Stocks,21756,Buy
2023-01-29 10:54:35,VBMPX,Bonds,4187,Sell
2023-01-19 10:24:43,VTPSX,Bonds,500,Sell
2023-01-08 02:54:23,VTPSX,Stocks,8017,Sell
2023-01-12 21:27:04,VBMPX,Stocks,500,Sell
2023-02-03 19:44:00,VIIIX,Stocks,21241,Buy
2023-01-14 16:51:12,VTINX,Stocks,4739,Sell
2023-01-25 17:00:11,VBMPX,Bonds,500,Sell
2023-01-28 21:29:23,VTPSX,Bonds,3390,Sell
2023-01-26 16:18:46,VTPSX,Bonds,13018,Sell
2023-02-04 12:42:00,VTPSX,Stocks,500,Buy
2023-01-24 15:12:56,VTPSX,Stocks,14249,Sell
2023-02-08 01:45:12,VTINX,Bonds,500,Buy
2023-01-25 14:33:24,VTINX,Bonds,8860,Buy
2023-01-11 19:36:45,VIIIX,Stocks,20988,Buy
2023-02-13 09:46:48,VBMPX,Bonds,500,Sell
2023-01-06 13:06:57,VTPSX,Bonds,500,Buy
2023-01-19 16:12:31,VTINX,Stocks,12746,Sell
2023-02-16 09:29:43,VTPSX,Stocks,6564,Sell
2023-01-27 09:37:04,VTINX,Stocks,21997,Buy
2023-01-25 18:16:26,VTINX,Bonds,5647,Buy
2023-01-28 07:58:46,VTINX,Stocks,10656,Buy
2023-01-30 04:07:25,VIIIX,Bonds,13344,Buy
2023-01-28 01:59:28,VBMPX,Bonds,500,Sell
2023-02-06 19:29:11,VTPSX,Stocks,5791,Buy
2023-01-03 09:30:00,VTINX,Stocks,2460,Sell
2023-02-08 21:54:08,VTPSX,Bonds,10678,Buy
2023-01-21 19:45:37,VIIIX,Stocks,20291,Buy
2023-01-14 21:06:45,VBMPX,Bonds,2148,Sell
2023-01-29 00:35:44,VIIIX,Stocks,17729,Buy
2023-02-02 07:30:46,VIIIX,Stocks,12846,Buy
2023-01-19 03:47:04,VTINX,Bonds,7128,Buy
2023-01-27 11:59:02,VIIIX,Stocks,24561,Buy
2023-01-29 04:40:19,VTPSX,Bonds,500,Buy
2023-01-29 06:21:50,VBMPX,Bonds,8119,Sell
2023-01-28 17:44:34,VTPSX,Stocks,9710,Sell
2023-01-16 03:03:50,VTPSX,Bonds,500,Buy
2023-01-12 10:15:10,VTPSX,Bonds,500,Sell
2023-02-02 05:31:31,VTINX,Stocks,13447,Sell
2023-01-28 00:43:37,VBMPX,Bonds,9858,Sell
2023-01-12 09:57:55,VTINX,Stocks,16131,Sell
2023-01-24 01:32:27,VIIIX,Stocks,12697,Buy
2023-02-01 10:35:40,VIIIX,Bonds,17127,Buy
2023-02-03 11:54:51,VBMPX,Bonds,500,Sell
2023-01-31 13:40:12,VTPSX,Bonds,9882,Sell
2023-01-27 09:25:28,VTPSX,Stocks,1519,Sell
2023-01-16 02:38:51,VTPSX,Stocks,13256,Sell
2023-01-18 11:58:48,VTPSX,Stocks,500,Sell
2023-01-03 09:30:00,VBMPX,Stocks,500,Sell
2023-01-25 19:52:53,VTPSX,Bonds,2679,Sell
2023-01-21 09:21:08,VIIIX,Stocks,25650,Buy
2023-01-14 20:37:06,VIIIX,Stocks,21296,Buy
2023-02-01 17:06:45,VIIIX,Stocks,19721,Buy
2023-02-10 02:40:18,VTINX,Bonds,20936,Buy
2023-01-24 09:26:05,VTINX,Bonds,19586,Buy
2023-02-04 21:51:42,VBMPX,Bonds,500,Sell
2023-01-15 13:51:51,VBMPX,Bonds,4505,Buy
2023-02-06 04:10:24,VIIIX,Bonds,23168,Buy
2023-01-30 19:57:07,VIIIX,Stocks,22011,Buy
2023-01-25 09:55:27,VBMPX,Stocks,5880,Sell
2023-01-29 00:51:02,VTINX,Stocks,8615,Sell
2023-01-12 12:03:24,VBMPX,Stocks,500,Sell
2023-01-24 18:46:53,VTINX,Bonds,11979,Buy
2023-01-30 20:39:33,VTPSX,Bonds,3327,Buy
2023-02-18 10:40:00,VTPSX,Bonds,7927,Buy
2023-02-11 05:33:22,VBMPX,Bonds,500,Sell
2023-01-25 17:44:17,VTPSX,Bonds,5112,Buy
2023-01-13 19:00:44,VTPSX,Bonds,8400,Sell
2023-01-14 22:05:32,VBMPX,Stocks,11765,Sell
2023-02-09 18:26:01,VIIIX,Stocks,8167,Buy
2023-01-10 19:56:36,VIIIX,Bonds,1403,Buy
2023-01-16 16:44:50,VTPSX,Bonds,500,Sell
2023-01-08 21:35:56,VIIIX,Stocks,10030,Buy
2023-02-09 14:44:18,VTINX,Stocks,12819,Buy
2023-01-05 01:16:43,VIIIX,Bonds,25968,Buy
2023-01-15 11:20:50,VIIIX,Stocks,25194,Buy
2023-01-08 07:39:02,VTPSX,Bonds,3925,Sell
2023-01-03 09:30:00,VTINX,Stocks,14153,Sell
2023-02-11 10:23:59,VTINX,Bonds,1927,Buy
2023-02-05 20:01:03,VTPSX,Stocks,7289,Sell
2023-01-16 04:04:04,VTINX,Stocks,12369,Buy
2023-01-20 21:14:01,VTINX,Bonds,9771,Buy
2023-02-18 10:40:00,VIIIX,Stocks,25740,Buy
2023-01-28 11:05:30,VTPSX,Bonds,500,Sell
2023-02-07 04:08:05,VBMPX,Bonds,1589,Sell
2023-01-11 01:47:46,VBMPX,Bonds,500,Sell
2023-01-19 11:39:04,VTINX,Stocks,10835,Buy
2023-01-03 09:30:00,VTINX,Bonds,14089,Buy
2023-02-14 20:34:12,VBMPX,Stocks,7941,Sell
2023-02-04 21:22:59,VIIIX,Stocks,14670,Buy
2023-01-15 00:24:30,VTINX,Bonds,3464,Buy
2023-02-01 13:58:33,VIIIX,Bonds,23656,Buy
2023-01-18 16:11:53,VTINX,Stocks,10405,Buy
2023-01-25 13:53:15,VBMPX,Bonds,500,Sell
2023-01-28 20:31:45,VTINX,Bonds,500,Buy
2023-01-03 09:30:00,VIIIX,Stocks,10399,Buy
2023-02-14 18:59:34,VIIIX,Stocks,18909,Buy
2023-01-03 09:30:00,VTINX,Stocks,10893,Buy
2023-01-26 21:16:16,VIIIX,Bonds,17296,Buy
2023-01-13 08:37:47,VTINX,Bonds,10446,Buy
2023-01-24 19:57:35,VIIIX,Bonds,5431,Buy
2023-01-24 00:01:44,VTPSX,Stocks,12481,Sell
2023-01-14 17:56:43,VTPSX,Bonds,1220,Buy
2023-02-10 22:57:15,VTINX,Bonds,15394,Sell
2023-01-19 13:10:16,VTINX,Bonds,8775,Buy
2023-01-28 23:41:48,VTINX,Stocks,19592,Buy
2023-02-18 10:40:00,VTPSX,Bonds,1948,Sell
2023-02-14 17:10:21,VIIIX,Bonds,15372,Buy
2023-01-23 04:02:35,VTPSX,Stocks,8667,Sell
2023-02-01 12:41:58,VTPSX,Bonds,500,Sell
2023-01-29 02:11:49,VIIIX,Stocks,21353,Buy
2023-01-03 09:30:00,VTPSX,Bonds,6141,Buy
2023-01-09 13:59:31,VIIIX,Bonds,12066,Buy
2023-01-26 21:38:03,VIIIX,Stocks,25269,Buy
2023-01-09 06:25:19,VIIIX,Stocks,9883,Buy
2023-02-04 22:55:44,VTINX,Stocks,10118,Buy
2023-02-18 10:40:00,VBMPX,Bonds,500,Sell
2023-01-30 13:43:30,VIIIX,Stocks,25309,Buy
2023-02-04 19:31:48,VTINX,Stocks,14819,Sell
2023-01-31 06:15:16,VBMPX,Bonds,500,Sell
2023-02-18 10:40:00,VTPSX,Bonds,10259,Sell
2023-01-12 19:57:11,VTPSX,Bonds,5794,Buy
2023-01-27 21:50:54,VTINX,Bonds,4648,Buy
2023-01-17 14:16:03,VTPSX,Stocks,12707,Sell
2023-01-13 01:27:37,VTINX,Bonds,500,Buy
2023-02-08 04:25:20,VBMPX,Bonds,2258,Sell
2023-02-01 00:22:18,VBMPX,Bonds,500,Sell
2023-01-03 09:30:00,VTPSX,Bonds,3729,Buy
2023-01-31 20:25:09,VTINX,Bonds,3910,Buy
2023-02-18 10:40:00,VBMPX,Stocks,3258,Sell
2023-02-09 06:22:52,VTPSX,Bonds,4547,Buy
2023-01-12 18:56:02,VTINX,Bonds,1000,Buy
2023-01-26 22:25:30,VTINX,Stocks,11667,Sell
2023-02-04 19:59:55,VTPSX,Bonds,6385,Sell
2023-01-26 09:33:25,VTINX,Stocks,12498,Buy
2023-02-18 10:40:00,VTPSX,Bonds,990,Buy
2023-01-27 22:41:16,VTPSX,Bonds,8668,Sell
2023-01-25 02:05:36,VTPSX,Bonds,6180,Buy
2023-01-19 19:54:47,VTINX,Stocks,9359,Buy
2023-02-14 21:17:06,VBMPX,Bonds,5189,Sell
2023-01-10 20:21:58,VTINX,Bonds,16513,Buy
2023-01-25 22:04:00,VTPSX,Stocks,14758,Sell
2023-02-06 09:38:27,VTPSX,Bonds,500,Sell
2023-01-17 21:59:43,VTINX,Bonds,3087,Buy
2023-01-26 09:16:09,VBMPX,Bonds,1246,Buy
2023-01-06 00:41:36,VTINX,Bonds,500,Buy
2023-01-19 07:59:45,VTINX,Stocks,2315,Buy
2023-01-18 01:47:59,VTPSX,Bonds,10069,Buy
2023-02-01 07:08:37,VBMPX,Stocks,500,Sell
2023-01-23 04:11:17,VTINX,Stocks,6402,Sell
2023-02-02 19:59:12,VIIIX,Bonds,10237,Buy
2023-01-03 09:30:00,VBMPX,Stocks,4204,Sell
2023-01-28 16:19:18,VTPSX,Bonds,21212,Sell
2023-01-30 18:07:10,VIIIX,Stocks,19317,Buy
2023-01-20 16:14:01,VTPSX,Stocks,1723,Sell
2023-01-18 04:10:26,VBMPX,Stocks,500,Sell
2023-01-09 10:16:43,VBMPX,Bonds,7408,Sell
2023-02-05 18:33:54,VTPSX,Stocks,6468,Sell
2023-02-10 06:27:30,VTPSX,Stocks,8213,Sell
2023-01-15 01:55:25,VTINX,Bonds,10460,Sell
2023-02-18 08:10:36,VTPSX,Bonds,4266,Sell
2023-01-12 21:14:02,VTINX,Bonds,3227,Buy
2023-01-26 07:16:06,VTINX,Bonds,6474,Buy
2023-01-15 05:09:33,VBMPX,Bonds,881,Sell
2023-02-01 10:13:51,VTPSX,Bonds,9333,Buy
2023-01-30 00:33:50,VTPSX,Bonds,1780,Buy
2023-02-16 08:21:23,VTPSX,Bonds,500,Sell
2023-01-26 06:04:35,VTINX,Bonds,10424,Buy
2023-01-21 07:50:32,VTINX,Stocks,17784,Sell
2023-02-18 10:40:00,VTPSX,Bonds,11019,Sell
2023-01-22 11:31:15,VTINX,Bonds,6986,Buy
2023-02-07 19:14:33,VTPSX,Stocks,11295,Sell
2023-01-16 02:04:07,VIIIX,Stocks,12176,Sell
2023-02-03 12:46:19,VTPSX,Bonds,10466,Buy
2023-02-02 19:33:26,VBMPX,Stocks,500,Sell
2023-01-08 03:22:28,VTINX,Stocks,6335,Sell
2023-01-25 19:30:00,VBMPX,Bonds,1477,Buy
2023-01-31 09:26:21,VTINX,Stocks,10573,Sell
2023-01-24 02:30:10,VTINX,Stocks,18366,Buy
2023-02-06 13:53:18,VTINX,Bonds,11343,Buy
2023-02-02 11:16:50,VTPSX,Bonds,10438,Sell
2023-01-20 13:07:26,VBMPX,Bonds,500,Sell
2023-01-15 17:03:31,VTINX,Stocks,9486,Sell
2023-02-09 21:40:05,VTPSX,Bonds,6169,Sell
2023-01-14 08:11:56,VTPSX,Stocks,8958,Sell
2023-02-07 11:41:26,VTINX,Bonds,15269,Buy
2023-01-11 12:30:49,VIIIX,Stocks,21633,Buy
2023-01-22 16:59:40,VTINX,Bonds,19196,Buy
2023-01-14 08:23:18,VTPSX,Bonds,8379,Buy
2023-01-19 17:49:46,VTPSX,Bonds,500,Buy
2023-02-01 15:41:18,VBMPX,Stocks,19147,Sell
2023-02-09 22:59:39,VTPSX,Bonds,500,Sell
2023-02-10 10:19:51,VIIIX,Bonds,11143,Buy
2023-01-22 12:26:00,VIIIX,Bonds,8152,Buy
2023-02-14 10:26:51,VTPSX,Bonds,7309,Buy
2023-01-20 07:07:37,VIIIX,Stocks,15652,Buy
2023-01-21 02:51:38,VTPSX,Bonds,7435,Buy
2023-01-03 09:30:00,VIIIX,Stocks,11258,Buy
2023-01-22 13:01:05,VTPSX,Bonds,500,Sell
2023-01-14 17:19:43,VIIIX,Bonds,17461,Buy
2023-02-15 03:11:33,VTINX,Stocks,6354,Sell
2023-01-14 14:52:25,VBMPX,Bonds,500,Sell
2023-01-07 07:15:15,VIIIX,Stocks,17691,Buy
2023-01-21 23:54:22,VIIIX,Stocks,9181,Buy
2023-02-02 22:43:56,VTPSX,Bonds,500,Sell
2023-02-04 04:32:18,VTPSX,Stocks,4353,Buy
2023-02-11 14:17:20,VTPSX,Bonds,6755,Buy
2023-01-30 14:07:35,VTPSX,Bonds,3125,Sell
2023-01-03 09:30:00,VIIIX,Stocks,22928,Buy
2023-01-03 09:30:00,VTINX,Stocks,16371,Sell
2023-01-08 18:00:04,VIIIX,Stocks,18613,Buy
2023-02-01 04:16:42,VTPSX,Stocks,6380,Buy
2023-01-05 16:05:31,VTPSX,Bonds,681,Sell
2023-02-02 05:17:36,VTPSX,Bonds,8786,Sell
2023-01-21 11:06:52,VIIIX,Stocks,30000,Buy
2023-01-27 19:41:42,VTPSX,Bonds,500,Buy
2023-02-07 07:18:57,VTINX,Bonds,4535,Buy
2023-02-03 20:25:29,VBMPX,Bonds,740,Buy
2023-01-14 12:59:28,VTPSX,Bonds,9147,Buy
2023-01-19 17:38:33,VBMPX,Bonds,500,Sell
2023-01-12 14:33:29,VBMPX,Stocks,1912,Sell
2023-01-22 18:48:53,VBMPX,Bonds,500,Sell
2023-02-14 03:00:08,VIIIX,Stocks,29692,Buy
2023-02-15 11:54:58,VTPSX,Stocks,7789,Buy
2023-01-03 09:30:00,VTINX,Stocks,11265,Buy
2023-01-28 22:10:01,VTINX,Stocks,13524,Sell
2023-02-18 10:40:00,VBMPX,Bonds,500,Sell
2023-01-25 10:53:52,VTPSX,Stocks,500,Sell
2023-01-30 02:28:02,VTPSX,Stocks,14043,Sell
2023-02-01 15:49:02,VTINX,Stocks,14399,Sell
2023-01-23 23:28:11,VIIIX,Stocks,25030,Buy
2023-01-27 16:17:39,VTPSX,Bonds,10458,Sell
2023-02-09 17:20:11,VIIIX,Bonds,11706,Buy
2023-02-09 05:43:48,VTPSX,Bonds,5049,Sell
2023-02-10 17:41:01,VIIIX,Stocks,30000,Buy
2023-02-18 10:40:00,VTINX,Stocks,8263,Buy
2023-02-05 14:20:47,VTPSX,Bonds,1033,Buy
2023-02-02 07:24:17,VTINX,Stocks,16044,Buy
2023-01-18 17:47:31,VTINX,Bonds,8096,Buy
2023-02-04 23:17:12,VTPSX,Stocks,2789,Sell
2023-02-15 03:47:44,VIIIX,Stocks,19354,Buy
2023-02-14 17:35:54,VBMPX,Bonds,500,Sell
2023-02-15 20:17:55,VBMPX,Bonds,1321,Sell
2023-02-02 19:55:50,VTINX,Stocks,16592,Buy
2023-01-18 11:55:48,VIIIX,Stocks,25509,Buy
2023-01-25 18:32:32,VIIIX,Stocks,29488,Buy
2023-02-07 11:08:08,VTPSX,Stocks,9424,Sell
2023-01-30 22:34:56,VTINX,Stocks,16331,Sell
2023-02-04 23:43:01,VTINX,Bonds,16840,Buy
2023-01-27 19:47:29,VIIIX,Stocks,18123,Buy
2023-01-15 05:44:10,VBMPX,Bonds,500,Sell
2023-01-16 15:05:48,VTINX,Bonds,8881,Buy
2023-02-18 10:40:00,VBMPX,Stocks,2941,Sell
2023-01-23 05:42:11,VIIIX,Stocks,30000,Buy
2023-02-01 18:16:10,VTINX,Bonds,8731,Buy
2023-01-16 07:41:16,VTINX,Stocks,11430,Sell
2023-01-22 07:44:15,VTPSX,Bonds,9235,Sell
2023-01-25 23:07:43,VTINX,Stocks,10328,Buy
2023-01-21 17:46:43,VIIIX,Stocks,7213,Buy
2023-02-10 16:58:05,VBMPX,Stocks,500,Sell
2023-01-28 22:41:59,VIIIX,Stocks,24405,Buy
2023-01-16 14:24:16,VTPSX,Bonds,500,Buy
2023-01-11 03:30:28,VBMPX,Stocks,500,Sell
2023-01-10 22:26:37,VIIIX,Stocks,20662,Buy
2023-01-24 19:56:33,VTINX,Stocks,22528,Sell
2023-01-17 01:15:23,VTINX,Stocks,8235,Buy
2023-01-21 11:06:05,VTPSX,Stocks,16994,Sell
2023-01-07 06:23:58,VBMPX,Bonds,500,Sell
2023-01-22 02:01:43,VTINX,Stocks,19738,Buy
2023-01-21 21:49:17,VTINX,Stocks,6760,Sell
2023-02-18 10:40:00,VTPSX,Stocks,11590,Sell
2023-01-20 12:13:34,VTPSX,Stocks,2926,Sell
2023-02-11 03:56:53,VTPSX,Bonds,500,Buy
2023-02-09 07:34:15,VTINX,Stocks,13780,Buy
2023-02-09 19:34:26,VTPSX,Bonds,6815,Buy
2023-02-01 05:53:06,VTINX,Bonds,9337,Buy
2023-02-05 05:05:19,VIIIX,Bonds,500,Buy
2023-01-26 01:01:46,VBMPX,Stocks,2177,Sell
2023-02-18 10:40:00,VBMPX,Bonds,500,Sell
2023-02-01 13:00:41,VTPSX,Bonds,10367,Sell
2023-01-28 06:50:11,VTPSX,Stocks,3166,Buy
2023-02-11 18:14:47,VTPSX,Bonds,1326,Buy
2023-01-27 21:16:39,VTINX,Bonds,11333,Buy
2023-01-09 19:05:49,VTINX,Bonds,5317,Buy
2023-01-22 23:58:26,VIIIX,Stocks,23728,Buy
2023-01-19 02:45:02,VBMPX,Stocks,3690,Sell
2023-02-05 16:11:09,VBMPX,Bonds,500,Sell
2023-01-20 02:43:24,VIIIX,Stocks,23029,Sell
2023-02-13 02:03:43,VTINX,Bonds,4181,Buy
2023-01-31 03:21:18,VTINX,Bonds,6584,Buy
2023-02-08 08:58:47,VIIIX,Bonds,23812,Buy
2023-02-12 11:08:39,VIIIX,Stocks,13233,Buy
2023-01-19 12:32:07,VIIIX,Stocks,20847,Buy
2023-01-23 12:27:51,VTPSX,Stocks,8722,Buy
2023-02-18 10:40:00,VTINX,Stocks,20575,Buy
2023-02-04 08:57:52,VTPSX,Stocks,500,Sell
2023-01-31 03:23:28,VIIIX,Stocks,30000,Buy
2023-01-28 14:48:32,VTPSX,Stocks,19092,Sell
2023-01-16 10:23:08,VIIIX,Bonds,14033,Buy
2023-01-30 22:04:18,VTINX,Bonds,15799,Buy
2023-02-13 18:49:12,VTINX,Stocks,7358,Buy
2023-01-19 06:42:29,VTINX,Stocks,7995,Buy
2023-02-04 09:52:51,VTINX,Bonds,12326,Buy
2023-02-03 22:05:30,VBMPX,Bonds,1239,Buy
2023-01-25 22:10:02,VIIIX,Bonds,14024,Buy
2023-02-18 10:40:00,VTINX,Bonds,3334,Buy
2023-01-23 21:51:51,VIIIX,Bonds,10501,Buy
2023-01-16 01:00:13,VTPSX,Bonds,2810,Buy
2023-02-02 14:04:20,VIIIX,Bonds,28950,Buy
2023-01-06 04:04:02,VBMPX,Bonds,1778,Sell
2023-01-29 11:06:54,VTINX,Bonds,11122,Buy
2023-01-16 13:45:50,VTPSX,Bonds,1349,Sell
2023-01-22 12:10:36,VBMPX,Bonds,500,Sell
2023-02-04 20:50:31,VIIIX,Stocks,16941,Buy
2023-01-24 10:55:51,VTINX,Stocks,19386,Buy
2023-02-06 20:48:27,VTINX,Bonds,500,Buy
2023-02-03 06:44:24,VIIIX,Bonds,18288,Buy
2023-01-31 08:10:14,VBMPX,Stocks,500,Sell
2023-02-18 10:40:00,VBMPX,Bonds,500,Sell
2023-01-26 13:41:24,VTPSX,Bonds,500,Buy
2023-01-03 09:30:00,VIIIX,Bonds,15137,Buy
2023-02-09 20:32:31,VTINX,Stocks,9792,Sell
2023-01-03 09:30:00,VTINX,Stocks,9882,Sell
2023-01-30 12:32:29,VTPSX,Bonds,4481,Buy
2023-02-18 10:40:00,VTINX,Stocks,9489,Buy
2023-01-31 23:24:34,VBMPX,Bonds,500,Sell
2023-01-23 12:58:41,VTINX,Stocks,18580,Buy
2023-01-29 06:54:51,VTINX,Stocks,19513,Buy
2023-01-17 15:44:09,VBMPX,Bonds,9097,Sell
2023-01-22 01:05:17,VTPSX,Stocks,14501,Sell
2023-02-08 14:45:38,VIIIX,Stocks,30000,Buy
2023-01-24 09:47:22,VTPSX,Bonds,5716,Buy
2023-01-10 08:28:00,VIIIX,Bonds,8769,Buy
2023-01-23 13:34:33,VTPSX,Stocks,10444,Sell
2023-02-16 14:20:48,VIIIX,Stocks,18867,Buy
2023-01-23 00:03:49,VTPSX,Bonds,4421,Buy
2023-02-07 23:08:46,VTINX,Bonds,1206,Buy
2023-02-05 04:39:22,VTINX,Stocks,27514,Sell
2023-01-26 13:56:25,VTPSX,Bonds,500,Buy
2023-01-31 06:11:19,VBMPX,Stocks,4609,Sell
2023-01-16 04:49:11,VTPSX,Stocks,2679,Sell
2023-02-13 03:13:59,VTPSX,Stocks,10062,Buy
2023-02-15 02:33:10,VTPSX,Bonds,2138,Buy
2023-01-04 02:43:37,VIIIX,Stocks,29898,Buy
2023-01-29 09:57:00,VTINX,Stocks,15075,Sell
2023-01-03 09:30:00,VTINX,Stocks,8205,Buy
2023-01-16 21:06:03,VTINX,Stocks,5600,Sell
2023-02-02 21:06:24,VBMPX,Stocks,6570,Sell
2023-02-08 06:51:54,VIIIX,Stocks,11159,Buy
2023-02-02 14:57:36,VTINX,Stocks,13479,Sell
2023-02-02 17:37:33,VTINX,Stocks,11893,Sell
2023-01-29 22:26:31,VIIIX,Stocks,14027,Buy
2023-01-29 16:14:00,VIIIX,Stocks,19662,Buy
2023-02-12 13:33:33,VTINX,Stocks,11535,Buy
2023-02-18 10:40:00,VBMPX,Bonds,8273,Sell
2023-01-31 10:47:31,VTINX,Bonds,8964,Buy
2023-01-25 11:20:54,VBMPX,Stocks,500,Sell
2023-02-18 10:40:00,VBMPX,Stocks,500,Sell
2023-01-20 03:07:45,VTPSX,Bonds,3375,Buy
2023-01-18 12:25:34,VTPSX,Stocks,500,Sell
2023-01-03 23:56:09,VTPSX,Bonds,3828,Sell
2023-01-31 04:32:35,VTINX,Stocks,19916,Buy
2023-01-22 21:32:47,VBMPX,Bonds,502,Sell
2023-02-02 00:20:51,VTPSX,Stocks,9713,Sell
2023-02-18 10:40:00,VBMPX,Bonds,500,Sell
2023-01-14 09:30:00,VIIIX,Stocks,18621,Buy
2023-01-15 01:50:37,VIIIX,Stocks,16309,Buy
2023-01-26 06:16:26,VIIIX,Stocks,15907,Buy
2023-01-13 11:48:23,VBMPX,Bonds,500,Sell
2023-01-03 09:30:00,VBMPX,Bonds,11373,Sell
2023-01-16 20:59:54,VBMPX,Bonds,711,Sell
2023-01-26 04:13:18,VTINX,Bonds,8487,Buy
2023-02-01 02:58:12,VIIIX,Stocks,19048,Buy
2023-01-15 13:07:44,VTPSX,Bonds,500,Sell
2023-01-18 02:34:32,VTPSX,Bonds,985,Buy
2023-01-22 22:41:15,VTINX,Stocks,14437,Buy
2023-01-12 23:43:13,VBMPX,Bonds,500,Buy
2023-01-27 09:05:42,VTPSX,Stocks,2155,Buy
2023-01-24 06:35:25,VIIIX,Stocks,30000,Buy
2023-02-18 10:40:00,VBMPX,Bonds,500,Sell
2023-01-20 10:49:45,VTPSX,Stocks,15105,Sell
2023-01-17 02:04:26,VTPSX,Stocks,3567,Sell
2023-01-25 15:52:02,VTINX,Bonds,16144,Buy
2023-01-17 12:25:54,VTPSX,Bonds,1870,Sell
2023-01-21 03:24:16,VBMPX,Stocks,2345,Sell
2023-02-12 11:04:55,VTINX,Stocks,10513,Sell
2023-02-18 10:40:00,VBMPX,Stocks,2563,Sell
2023-01-30 15:14:06,VTINX,Bonds,500,Buy
2023-01-23 18:22:59,VTPSX,Bonds,500,Buy
2023-01-19 19:06:35,VBMPX,Bonds,500,Sell
2023-01-21 15:33:16,VTINX,Stocks,9574,Sell
2023-01-26 15:06:47,VTINX,Bonds,2137,Buy
2023-01-20 19:44:34,VTPSX,Stocks,500,Buy
2023-01-31 04:10:18,VBMPX,Bonds,500,Sell
2023-01-31 13:51:37,VTPSX,Bonds,5481,Buy
2023-02-18 10:40:00,VTPSX,Bonds,500,Sell
2023-01-11 07:49:24,VBMPX,Bonds,500,Sell
2023-01-17 10:33:48,VTPSX,Stocks,6865,Buy
2023-02-01 21:27:09,VTINX,Stocks,14379,Sell
2023-01-29 05:22:23,VBMPX,Stocks,5243,Sell
2023-01-30 04:14:18,VIIIX,Stocks,30000,Buy
2023-01-29 17:59:07,VBMPX,Bonds,500,Sell
2023-02-10 14:08:20,VTPSX,Bonds,500,Buy
2023-01-30 10:12:21,VTPSX,Bonds,1783,Sell
2023-02-09 01:35:17,VTPSX,Bonds,5038,Sell
2023-01-27 22:20:58,VTPSX,Bonds,500,Sell
2023-02-06 17:50:37,VTPSX,Bonds,7875,Buy
2023-01-12 08:33:33,VIIIX,Stocks,15255,Buy
2023-01-21 05:41:23,VIIIX,Stocks,9347,Buy
2023-01-13 02:19:14,VTPSX,Bonds,4049,Sell
2023-01-31 03:57:22,VTPSX,Stocks,9998,Sell
2023-01-22 14:02:33,VIIIX,Bonds,26008,Buy
2023-02-01 22:05:45,VTPSX,Stocks,500,Buy
2023-01-08 18:24:47,VIIIX,Bonds,8668,Buy
2023-02-02 09:13:00,VTINX,Bonds,4383,Buy
2023-01-04 21:39:58,VTPSX,Stocks,13542,Buy
2023-02-10 08:37:42,VIIIX,Stocks,15899,Buy
2023-01-31 19:57:14,VTINX,Stocks,15507,Sell
2023-01-14 19:38:32,VTINX,Stocks,6966,Sell
2023-01-13 16:40:38,VTPSX,Stocks,2820,Buy
2023-02-02 12:04:57,VTINX,Stocks,14935,Buy
2023-01-09 12:09:23,VBMPX,Bonds,500,Sell
2023-02-12 22:40:50,VBMPX,Bonds,500,Sell
2023-02-08 21:40:49,VIIIX,Bonds,25050,Buy
2023-02-18 10:40:00,VIIIX,Bonds,15182,Buy
2023-02-01 06:21:58,VTPSX,Stocks,9281,Buy
2023-02-07 17:49:07,VIIIX,Stocks,22341,Buy
2023-01-26 14:53:59,VTPSX,Stocks,16110,Sell
2023-01-12 03:22:59,VTINX,Bonds,11938,Buy
2023-02-14 03:41:20,VTINX,Stocks,24200,Buy
2023-02-07 12:15:37,VIIIX,Bonds,4521,Buy
2023-01-28 22:54:20,VBMPX,Bonds,500,Sell
2023-01-25 20:20:16,VTINX,Stocks,6957,Buy
2023-01-07 10:46:55,VTINX,Bonds,500,Buy
2023-02-04 07:05:24,VBMPX,Bonds,4183,Buy
2023-01-26 16:31:52,VTPSX,Bonds,500,Sell
2023-02-02 01:41:16,VIIIX,Stocks,22830,Buy
2023-01-18 06:44:12,VIIIX,Stocks,13470,Buy
2023-02-18 10:40:00,VTPSX,Bonds,8480,Buy
2023-01-20 02:52:30,VIIIX,Bonds,17769,Buy
2023-02-15 14:23:10,VIIIX,Stocks,21825,Buy
2023-02-18 10:40:00,VBMPX,Bonds,500,Sell
2023-01-14 07:44:46,VTPSX,Bonds,7383,Sell
2023-01-30 18:24:17,VBMPX,Bonds,500,Sell
2023-01-20 13:23:48,VIIIX,Bonds,11109,Buy
2023-01-30 15:35:03,VBMPX,Bonds,4253,Sell
2023-01-25 18:35:35,VBMPX,Bonds,500,Sell
2023-01-18 18:59:28,VTPSX,Bonds,9305,Sell
2023-01-17 22:01:53,VIIIX,Stocks,14673,Buy
2023-01-26 02:37:56,VTINX,Stocks,856,Buy
2023-02-10 08:40:55,VIIIX,Stocks,14438,Buy
2023-02-15 02:52:38,VTINX,Bonds,3657,Buy
2023-01-28 06:49:35,VIIIX,Bonds,20637,Buy
2023-02-17 23:41:15,VTINX,Stocks,16383,Buy
2023-02-10 08:39:57,VTINX,Bonds,12432,Buy
2023-01-20 23:20:28,VBMPX,Bonds,1759,Sell
2023-01-13 18:02:51,VTPSX,Bonds,5194,Sell
2023-01-24 06:36:43,VTINX,Stocks,19411,Buy
2023-02-14 13:56:26,VTINX,Bonds,18369,Buy
2023-01-28 14:04:59,VTPSX,Stocks,22435,Sell
2023-02-14 14:25:58,VTINX,Stocks,15368,Buy
2023-02-14 05:44:06,VTINX,Stocks,14512,Sell
2023-01-19 15:43:06,VTINX,Stocks,6666,Buy
2023-01-05 23:44:20,VTINX,Bonds,14948,Buy
2023-01-14 00:17:42,VIIIX,Stocks,23923,Buy
2023-01-31 02:25:25,VTINX,Stocks,13152,Sell
2023-02-03 22:50:45,VTINX,Bonds,971,Sell
2023-01-18 22:28:59,VBMPX,Stocks,500,Sell
2023-01-27 07:40:50,VTINX,Stocks,20894,Buy
2023-01-24 07:57:53,VIIIX,Stocks,24691,Buy
2023-01-19 04:59:18,VTPSX,Stocks,500,Buy
2023-01-05 06:08:23,VIIIX,Bonds,22907,Buy
2023-01-18 12:17:47,VTPSX,Bonds,2248,Sell
2023-01-28 17:31:29,VIIIX,Stocks,18312,Buy
2023-01-15 20:06:05,VTPSX,Bonds,3771,Buy
2023-01-14 04:53:27,VIIIX,Stocks,20881,Buy
2023-01-28 20:30:21,VTINX,Bonds,500,Buy
2023-01-09 11:32:28,VBMPX,Bonds,1108,Sell
2023-02-18 10:40:00,VIIIX,Bonds,13063,Buy
2023-01-07 21:29:26,VBMPX,Bonds,6252,Sell
2023-01-17 15:46:07,VIIIX,Bonds,15896,Buy
2023-01-03 09:30:00,VTINX,Bonds,14031,Buy
2023-01-24 18:06:00,VTINX,Stocks,7827,Sell
2023-02-05 00:23:53,VTINX,Stocks,2411,Sell
2023-02-11 21:29:30,VIIIX,Stocks,19928,Buy
2023-01-28 17:25:08,VTINX,Stocks,12632,Sell
2023-02-02 04:33:59,VIIIX,Stocks,15313,Buy
2023-01-25 03:18:38,VIIIX,Stocks,26426,Buy
2023-01-20 09:07:58,VTPSX,Bonds,2181,Buy
2023-02-02 05:23:53,VBMPX,Stocks,500,Sell
2023-02-04 11:25:57,VTINX,Stocks,17646,Buy
2023-01-13 23:33:16,VTINX,Bonds,16400,Buy
2023-01-27 03:03:13,VIIIX,Stocks,22273,Buy
2023-02-11 21:42:52,VTINX,Stocks,7766,Buy
2023-02-13 15:43:48,VTPSX,Stocks,500,Buy
2023-01-18 10:49:40,VIIIX,Stocks,28671,Buy
2023-01-30 14:57:38,VTINX,Bonds,14275,Buy
2023-01-29 08:30:06,VIIIX,Stocks,18575,Buy
2023-01-04 03:13:18,VIIIX,Stocks,18390,Buy
2023-01-25 08:14:45,VTINX,Stocks,6272,Sell
2023-02-01 18:51:42,VTPSX,Bonds,563,Buy
2023-01-19 20:34:16,VBMPX,Bonds,1233,Buy
2023-01-24 09:43:07,VIIIX,Stocks,13107,Buy
2023-01-20 16:00:31,VIIIX,Stocks,30000,Buy
2023-01-22 08:37:22,VTINX,Stocks,13982,Buy
2023-01-31 13:15:10,VIIIX,Bonds,11628,Buy
2023-02-02 05:45:57,VBMPX,Bonds,8015,Sell
2023-01-29 17:54:48,VTPSX,Bonds,6789,Buy
2023-01-26 18:41:33,VTINX,Bonds,500,Buy
2023-01-04 08:23:02,VTINX,Bonds,2730,Buy
2023-02-12 13:20:39,VTINX,Stocks,14029,Buy
2023-01-21 01:30:57,VTINX,Stocks,12395,Buy
2023-01-15 15:24:47,VTPSX,Bonds,3359,Buy
2023-01-05 18:30:15,VTPSX,Bonds,2625,Sell
2023-02-03 04:11:52,VIIIX,Bonds,24603,Buy
2023-02-13 12:32:31,VTPSX,Bonds,500,Buy
2023-02-07 22:06:19,VIIIX,Stocks,22855,Buy
2023-01-28 12:49:43,VTINX,Bonds,25566,Buy
2023-01-10 17:48:40,VIIIX,Stocks,9193,Buy
2023-02-05 08:14:22,VIIIX,Bonds,10914,Buy
2023-01-23 00:08:59,VTPSX,Stocks,15423,Sell
2023-02-04 04:49:12,VTPSX,Bonds,5970,Sell
2023-02-08 22:03:31,VTINX,Bonds,14432,Buy
2023-02-14 09:22:21,VBMPX,Bonds,829,Sell
2023-01-03 09:30:00,VIIIX,Bonds,12029,Buy
2023-01-24 12:50:37,VTPSX,Bonds,1295,Buy
2023-01-13 20:43:38,VTINX,Bonds,4323,Buy
2023-01-20 11:27:56,VIIIX,Bonds,12879,Buy
2023-02-03 02:25:51,VIIIX,Stocks,28726,Buy
2023-01-27 03:30:49,VIIIX,Stocks,14886,Buy
2023-02-17 21:03:50,VTINX,Stocks,4118,Buy
2023-01-17 21:23:19,VIIIX,Bonds,24129,Buy
2023-01-15 02:27:19,VIIIX,Bonds,21005,Buy
2023-01-18 14:32:01,VIIIX,Stocks,8536,Buy
2023-01-20 06:12:19,VIIIX,Stocks,11203,Buy
2023-01-06 02:03:31,VTINX,Stocks,1369,Buy
2023-01-31 19:50:12,VTINX,Bonds,1601,Buy
2023-02-03 09:18:55,VTPSX,Stocks,12190,Sell
2023-01-04 12:33:00,VTINX,Bonds,9492,Buy
2023-02-08 16:36:54,VTPSX,Bonds,500,Buy
2023-02-04 22:49:39,VBMPX,Bonds,8311,Sell
2023-02-13 23:56:31,VBMPX,Bonds,4380,Sell
2023-01-24 07:25:47,VIIIX,Stocks,20439,Buy
2023-02-02 09:46:20,VTINX,Stocks,5888,Buy
2023-01-03 09:30:00,VTPSX,Bonds,500,Sell
2023-01-20 01:45:14,VBMPX,Bonds,500,Sell
2023-01-14 10:24:41,VIIIX,Stocks,8681,Buy
2023-01-14 15:20:07,VTINX,Stocks,17509,Buy
2023-01-03 09:30:00,VTINX,Bonds,500,Buy
2023-01-19 19:55:53,VIIIX,Stocks,13643,Buy
2023-02-07 22:56:43,VBMPX,Bonds,4799,Buy
2023-01-27 14:08:32,VBMPX,Stocks,500,Sell
2023-01-21 10:03:28,VIIIX,Stocks,17331,Buy
2023-01-10 20:03:21,VTPSX,Bonds,500,Buy
2023-01-20 11:26:18,VIIIX,Stocks,8001,Buy
2023-02-02 15:45:28,VTPSX,Bonds,7728,Sell
2023-02-10 04:05:01,VBMPX,Bonds,2755,Sell
2023-02-11 23:28:40,VTINX,Stocks,7764,Buy
2023-01-11 15:18:24,VTPSX,Bonds,8928,Buy
2023-02-06 01:26:52,VIIIX,Stocks,15526,Buy
2023-01-15 07:52:48,VIIIX,Bonds,10007,Buy
2023-02-05 05:48:33,VBMPX,Stocks,4832,Sell
2023-01-24 13:49:02,VTPSX,Bonds,22365,Sell
2023-01-31 16:54:28,VTINX,Stocks,12057,Buy
2023-01-26 16:14:48,VIIIX,Bonds,14443,Buy
2023-01-21 19:59:47,VTPSX,Stocks,6005,Sell
2023-01-10 04:34:53,VIIIX,Stocks,22042,Buy
2023-01-03 09:30:00,VIIIX,Stocks,21164,Buy
2023-01-19 08:48:33,VTPSX,Bonds,7704,Sell
2023-01-11 06:09:59,VTINX,Bonds,12790,Buy
2023-01-16 03:33:55,VTINX,Bonds,6021,Buy
2023-01-16 09:29:30,VBMPX,Bonds,2324,Sell
2023-01-21 04:43:59,VTPSX,Stocks,4155,Sell
2023-01-16 22:09:41,VTINX,Bonds,3975,Buy
2023-02-01 10:04:14,VTINX,Bonds,18325,Buy
2023-02-07 19:07:01,VTINX,Stocks,18783,Buy
2023-01-26 21:53:37,VBMPX,Bonds,10740,Sell
2023-02-11 07:41:04,VBMPX,Stocks,9927,Sell
2023-01-26 08:41:19,VTPSX,Bonds,5902,Buy
2023-01-13 02:04:07,VIIIX,Stocks,12358,Buy
2023-02-16 22:02:21,VTINX,Stocks,7628,Buy
2023-02-01 06:07:24,VTINX,Stocks,7511,Buy
2023-02-09 02:40:38,VBMPX,Bonds,4844,Sell
2023-01-31 15:18:44,VTINX,Bonds,11661,Buy
2023-01-20 15:53:37,VTINX,Bonds,7530,Sell
2023-01-17 07:31:01,VTPSX,Stocks,6457,Sell
2023-02-12 01:14:02,VIIIX,Bonds,3749,Buy
2023-01-22 07:14:32,VTPSX,Stocks,7483,Sell
2023-02-09 06:20:35,VBMPX,Bonds,500,Sell
2023-02-09 00:54:25,VTINX,Stocks,19298,Buy
2023-01-22 07:58:09,VTINX,Stocks,3743,Buy
2023-01-03 09:30:00,VTPSX,Stocks,10972,Sell
2023-01-30 11:29:10,VIIIX,Stocks,14287,Buy
2023-01-20 16:48:17,VTPSX,Bonds,500,Buy
2023-01-14 20:48:43,VTPSX,Bonds,5558,Sell
2023-01-22 12:07:47,VIIIX,Bonds,11688,Buy
2023-01-23 02:44:11,VBMPX,Bonds,1201,Sell
2023-01-05 11:43:44,VBMPX,Bonds,1709,Sell
2023-02-05 07:04:38,VIIIX,Bonds,18610,Buy
2023-01-03 18:23:37,VTPSX,Bonds,2431,Buy
2023-02-14 14:40:13,VIIIX,Bonds,22786,Buy
2023-02-18 10:40:00,VTPSX,Bonds,7975,Buy
2023-01-21 13:52:56,VTPSX,Stocks,8223,Buy
2023-02-03 09:35:21,VIIIX,Stocks,14054,Buy
2023-01-22 03:50:47,VTINX,Stocks,10934,Buy
2023-01-21 13:23:36,VIIIX,Stocks,14520,Buy
2023-01-08 18:48:42,VTINX,Stocks,10141,Sell
2023-01-08 20:25:52,VBMPX,Bonds,500,Sell
2023-01-20 11:13:41,VTPSX,Bonds,5172,Buy
2023-02-06 23:23:10,VTINX,Bonds,3226,Buy
2023-01-18 03:59:50,VTPSX,Stocks,5100,Sell
2023-01-16 01:50:00,VTINX,Stocks,17961,Sell
2023-01-24 01:09:42,VTINX,Bonds,6405,Buy
2023-01-28 05:41:32,VTPSX,Bonds,500,Buy
2023-01-30 02:38:17,VBMPX,Bonds,500,Buy
2023-01-13 14:38:11,VTINX,Stocks,15745,Sell
2023-02-11 18:10:11,VTINX,Stocks,1033,Buy
2023-01-23 22:26:54,VTINX,Bonds,5768,Buy
2023-01-21 14:08:14,VTPSX,Bonds,500,Sell
2023-01-29 02:53:40,VTPSX,Stocks,16615,Sell
2023-02-06 05:02:31,VIIIX,Stocks,25722,Buy
2023-02-07 03:47:04,VTPSX,Bonds,4271,Buy
2023-01-30 21:08:48,VIIIX,Stocks,19381,Buy
2023-01-29 21:15:50,VBMPX,Bonds,500,Sell
2023-01-16 00:38:51,VBMPX,Bonds,500,Sell
2023-01-28 15:48:42,VTPSX,Bonds,2077,Sell
2023-01-11 06:46:33,VTINX,Bonds,12957,Buy
2023-02-15 11:08:43,VIIIX,Bonds,14998,Buy
